{"loss":{"0":0.438605547,"1":0.2238062024,"2":0.151410386,"3":0.1257837415,"4":0.0817641169},"recall":{"0":0.8979278803,"1":0.9335060716,"2":0.9481865168,"3":0.9620034695,"4":0.9749568105},"precision":{"0":0.8303761482,"1":0.938368082,"2":0.9631578922,"3":0.9763365388,"4":0.978336215},"acc":{"0":0.7993749976,"1":0.9075000286,"2":0.9362499714,"3":0.9556249976,"4":0.9662500024},"val_loss":{"0":0.2329911739,"1":0.2383718044,"2":0.3525023162,"3":0.3479602933,"4":0.4711028337},"val_recall":{"0":0.9485294223,"1":0.9852941036,"2":1.0,"3":1.0,"4":1.0},"val_precision":{"0":0.9485294223,"1":0.8933333158,"2":0.824242413,"3":0.8343558311,"4":0.7953216434},"val_acc":{"0":0.9300000072,"1":0.9100000262,"2":0.8550000191,"3":0.8650000095,"4":0.8249999881}}