{"loss":{"0":0.5529221296,"1":0.3274524212,"2":0.2322922498,"3":0.1928121001,"4":0.160025537,"5":0.1360417604},"recall":{"0":0.9782900214,"1":0.9265867472,"2":0.940918386,"3":0.948230505,"4":0.9572974443,"5":0.9643170238},"precision":{"0":0.7439869642,"1":0.8861538172,"2":0.9270893335,"3":0.9454651475,"4":0.954505682,"5":0.9617853165},"acc":{"0":0.742210865,"1":0.8595817089,"2":0.9029022455,"3":0.9223217964,"4":0.9355527163,"5":0.9460093975},"val_loss":{"0":0.359639287,"1":0.2091898173,"2":0.3288382888,"3":0.2421008795,"4":0.2220927775,"5":0.2232842892},"val_recall":{"0":0.9953161478,"1":0.9508196712,"2":1.0,"3":0.9976580739,"4":0.9906322956,"5":0.9695550203},"val_precision":{"0":0.8268482685,"1":0.9441860318,"2":0.8626262546,"3":0.8949579597,"4":0.915584445,"5":0.9261745214},"val_acc":{"0":0.8444444537,"1":0.9230769277,"2":0.8837606907,"3":0.912820518,"4":0.9264957309,"5":0.9213675261}}