{"loss":{"0":0.4407160878,"1":0.3208789825,"2":0.2806040049,"3":0.2541103065,"4":0.2377740443,"5":0.225789085,"6":0.2044231296,"7":0.1950926185,"8":0.1869968772,"9":0.1774650514,"10":0.1688616425,"11":0.1697642505},"recall":{"0":0.9319051504,"1":0.9343696237,"2":0.9395509362,"3":0.9421416521,"4":0.9481865168,"5":0.9473229647,"6":0.9533678889,"7":0.9559585452,"8":0.9576856494,"9":0.9568220973,"10":0.9645941257,"11":0.9637305737},"precision":{"0":0.8082282543,"1":0.8718774915,"2":0.8984310627,"3":0.912207365,"4":0.9234650731,"5":0.927303493,"6":0.93797791,"7":0.9389312863,"8":0.9406276345,"9":0.9453924894,"10":0.9514480233,"11":0.9481733441},"acc":{"0":0.7831249833,"1":0.8531249762,"2":0.8793749809,"3":0.8924999833,"4":0.9056249857,"5":0.9081249833,"6":0.9206249714,"7":0.9231250286,"8":0.9256250262,"9":0.9287499785,"10":0.9387500286,"11":0.9356250167},"val_loss":{"0":0.4196019769,"1":0.4313847721,"2":0.3634800613,"3":0.350666225,"4":0.3725082278,"5":0.3011322618,"6":0.3214018941,"7":0.296084255,"8":0.3790072501,"9":0.2964068353,"10":0.2961546779,"11":0.3929790556},"val_recall":{"0":0.9779411554,"1":0.9852941036,"2":0.9779411554,"3":0.9779411554,"4":0.9852941036,"5":0.9705882072,"6":0.9705882072,"7":0.9705882072,"8":0.9926470518,"9":0.9705882072,"10":0.9705882072,"11":1.0},"val_precision":{"0":0.7823529243,"1":0.7528089881,"2":0.7869822383,"3":0.7916666865,"4":0.7701149583,"5":0.8741722107,"6":0.8301886916,"7":0.8741722107,"8":0.7670454383,"9":0.8461538553,"10":0.8354430199,"11":0.7640449405},"val_acc":{"0":0.8000000119,"1":0.7699999809,"2":0.8050000072,"3":0.8100000024,"4":0.7900000215,"5":0.8849999905,"6":0.8450000286,"7":0.8849999905,"8":0.7900000215,"9":0.8600000143,"10":0.8500000238,"11":0.7900000215}}