{"loss":{"0":0.5719173551,"1":0.4848152995,"2":0.42822209,"3":0.4028676748,"4":0.3598403931,"5":0.334910363,"6":0.2990931869,"7":0.2596989274,"8":0.2511547804,"9":0.2878442705,"10":0.2152098715,"11":0.2668079436,"12":0.1997983903,"13":0.1998451352,"14":0.200141713,"15":0.1980637014,"16":0.1853545159,"17":0.1842710674,"18":0.1674701124,"19":0.1643819362,"20":0.1574603617,"21":0.1712929308,"22":0.1644401401,"23":0.1694366783,"24":0.1404150128,"25":0.1558651477,"26":0.1569547355,"27":0.1405511498,"28":0.1242685392,"29":0.1594657004,"30":0.1499525607,"31":0.1429686993,"32":0.1266389489,"33":0.1532077044,"34":0.2366743684,"35":0.1230920106,"36":0.1172469631,"37":0.1325787008,"38":0.1468206644,"39":0.1214903817},"recall":{"0":0.9860748649,"1":1.0,"2":1.0,"3":0.9808529019,"4":0.9791122675,"5":0.9695387483,"6":0.9512619376,"7":0.9530026317,"8":0.9416884184,"9":0.91644907,"10":0.9434290528,"11":0.9208006859,"12":0.9442993999,"13":0.9434290528,"14":0.9442993999,"15":0.9521322846,"16":0.9486510158,"17":0.9442993999,"18":0.9573542476,"19":0.9556135535,"20":0.9512619376,"21":0.9469103813,"22":0.9573542476,"23":0.9469103813,"24":0.9643167853,"25":0.959094882,"26":0.9556135535,"27":0.9625761509,"28":0.9686684012,"29":0.9512619376,"30":0.9547432661,"31":0.9573542476,"32":0.9660574198,"33":0.9573542476,"34":0.9208006859,"35":0.9686684012,"36":0.9686684012,"37":0.959094882,"38":0.9521322846,"39":0.9651871324},"precision":{"0":0.7202796936,"1":0.7181249857,"2":0.7290608883,"3":0.8102084994,"4":0.8471385837,"5":0.8750981688,"6":0.8937039971,"7":0.9049586654,"8":0.9123103023,"9":0.910112381,"10":0.9360967278,"11":0.9176062346,"12":0.9410234094,"13":0.9401561022,"14":0.9385812879,"15":0.9431034327,"16":0.9519650936,"17":0.9467713833,"18":0.9523809552,"19":0.957279861,"20":0.9596136808,"21":0.9527145624,"22":0.9573542476,"23":0.9585903287,"24":0.9593073726,"25":0.9607672095,"26":0.9589519501,"27":0.9575757384,"28":0.9653078914,"29":0.958771944,"30":0.9614373446,"31":0.962379694,"32":0.9668989778,"33":0.961538434,"34":0.9346289635,"35":0.9678260684,"36":0.9695122242,"37":0.9616056085,"38":0.9596491456,"39":0.9677137733},"acc":{"0":0.7149999738,"1":0.7181249857,"2":0.7331249714,"3":0.8212500215,"4":0.8581249714,"5":0.8787500262,"6":0.8837500215,"7":0.8943750262,"8":0.8931249976,"9":0.875,"10":0.9131249785,"11":0.8837500215,"12":0.9175000191,"13":0.9162499905,"14":0.9156249762,"15":0.9243749976,"16":0.9287499785,"17":0.921875,"18":0.9350000024,"19":0.9375,"20":0.9362499714,"21":0.9281250238,"22":0.9387500286,"23":0.9325000048,"24":0.9449999928,"25":0.9424999952,"26":0.9387500286,"27":0.9424999952,"28":0.9524999857,"29":0.9356250167,"30":0.9399999976,"31":0.9424999952,"32":0.9518749714,"33":0.9418749809,"34":0.8968750238,"35":0.9543750286,"36":0.9556249976,"37":0.9431250095,"38":0.9368749857,"39":0.9518749714},"val_loss":{"0":0.4862173498,"1":0.4993859529,"2":0.3879739046,"3":0.3573400974,"4":0.3976966739,"5":0.3406484723,"6":0.2998939753,"7":0.3141462803,"8":0.3240820765,"9":0.2699487209,"10":0.287825346,"11":0.2738476992,"12":0.3532724679,"13":0.2780793309,"14":0.2897436619,"15":0.2736010849,"16":0.3715429306,"17":0.3533331752,"18":0.3475106955,"19":0.4888063669,"20":0.7347452641,"21":0.3140377104,"22":0.5417202115,"23":0.3435482681,"24":0.3507407904,"25":0.3151382506,"26":0.328989476,"27":0.4747668505,"28":0.3832754195,"29":0.3589755893,"30":0.3282943666,"31":0.3544949293,"32":0.3180134892,"33":0.3236711621,"34":0.3419292569,"35":0.3488349915,"36":0.3160693049,"37":0.3815324008,"38":0.4031204581,"39":0.3555067182},"val_recall":{"0":1.0,"1":1.0,"2":1.0,"3":1.0,"4":0.9415584207,"5":1.0,"6":0.9740259647,"7":1.0,"8":0.9935064912,"9":0.9740259647,"10":0.9870129824,"11":0.9740259647,"12":0.9935064912,"13":0.9740259647,"14":0.9740259647,"15":0.9545454383,"16":0.8116883039,"17":0.9870129824,"18":0.9870129824,"19":0.6818181872,"20":0.5194805264,"21":0.9545454383,"22":0.6493506432,"23":0.9610389471,"24":0.9610389471,"25":0.9545454383,"26":0.9545454383,"27":0.9935064912,"28":0.9610389471,"29":0.9610389471,"30":0.9545454383,"31":0.9545454383,"32":0.9480519295,"33":0.9545454383,"34":0.8961039186,"35":0.9610389471,"36":0.9220778942,"37":0.9740259647,"38":0.9805194736,"39":0.9610389471},"val_precision":{"0":0.7699999809,"1":0.7699999809,"2":0.7897436023,"3":0.814814806,"4":0.9294871688,"5":0.8105263114,"6":0.9036144614,"7":0.8651685119,"8":0.8595505357,"9":0.8982036114,"10":0.8837209344,"11":0.8928571343,"12":0.8693181872,"13":0.8928571343,"14":0.8875739574,"15":0.8963414431,"16":0.9469696879,"17":0.8837209344,"18":0.8837209344,"19":0.9459459186,"20":0.9756097794,"21":0.8909090757,"22":0.9523809552,"23":0.8809523582,"24":0.8809523582,"25":0.8963414431,"26":0.8855421543,"27":0.8742856979,"28":0.875739634,"29":0.8809523582,"30":0.8909090757,"31":0.8802395463,"32":0.8957055211,"33":0.8963414431,"34":0.9139072895,"35":0.8809523582,"36":0.9102563858,"37":0.8771929741,"38":0.8779069781,"39":0.8809523582},"val_acc":{"0":0.7699999809,"1":0.7699999809,"2":0.7950000167,"3":0.8249999881,"4":0.8999999762,"5":0.8199999928,"6":0.8999999762,"7":0.8799999952,"8":0.8700000048,"9":0.8949999809,"10":0.8899999857,"11":0.8899999857,"12":0.8799999952,"13":0.8899999857,"14":0.8849999905,"15":0.8799999952,"16":0.8199999928,"17":0.8899999857,"18":0.8899999857,"19":0.7250000238,"20":0.6200000048,"21":0.875,"22":0.7049999833,"23":0.8700000048,"24":0.8700000048,"25":0.8799999952,"26":0.8700000048,"27":0.8849999905,"28":0.8650000095,"29":0.8700000048,"30":0.875,"31":0.8650000095,"32":0.875,"33":0.8799999952,"34":0.8550000191,"35":0.8700000048,"36":0.8700000048,"37":0.875,"38":0.8799999952,"39":0.8700000048}}