{"loss":{"0":0.6150816083,"1":0.5681521893,"2":0.563170135,"3":0.557102263,"4":0.5490441322,"5":0.5350677967,"6":0.5164602399,"7":0.4838742018,"8":0.4536929727,"9":0.3953835964,"10":0.3502304852,"11":0.3026181459,"12":0.2627254128,"13":0.2424304336,"14":0.2155676335,"15":0.2110513449,"16":0.2084789276,"17":0.1817364693,"18":0.1791498065},"recall":{"0":0.9438622594,"1":1.0,"2":1.0,"3":1.0,"4":1.0,"5":1.0,"6":1.0,"7":1.0,"8":0.9671440721,"9":0.9561920762,"10":0.9502948523,"11":0.9460825324,"12":0.9502948523,"13":0.9536647201,"14":0.9486099482,"15":0.9486099482,"16":0.9418702722,"17":0.9536647201,"18":0.9511373043},"precision":{"0":0.7541866302,"1":0.7418749928,"2":0.7418749928,"3":0.7418749928,"4":0.7418749928,"5":0.7418749928,"6":0.7418749928,"7":0.7451349497,"8":0.7933655977,"9":0.8315018415,"10":0.87104249,"11":0.8962489963,"12":0.9096774459,"13":0.9188311696,"14":0.9367720485,"15":0.9367720485,"16":0.9402859807,"17":0.9425478578,"18":0.9519392848},"acc":{"0":0.7149999738,"1":0.7418749928,"2":0.7418749928,"3":0.7418749928,"4":0.7418749928,"5":0.7418749928,"6":0.7418749928,"7":0.7462499738,"8":0.7887499928,"9":0.8237500191,"10":0.8587499857,"11":0.8787500262,"12":0.8931249976,"13":0.9031249881,"14":0.9143750072,"15":0.9143750072,"16":0.9125000238,"17":0.9225000143,"18":0.9281250238},"val_loss":{"0":0.539794445,"1":0.5437733531,"2":0.5255550146,"3":0.528313756,"4":0.5126966834,"5":0.497769326,"6":0.4871727824,"7":0.4405004084,"8":0.4152806103,"9":0.3976381421,"10":0.3192200661,"11":0.3046236932,"12":0.2764577866,"13":0.2613266408,"14":0.2397440672,"15":0.258877635,"16":0.2447628081,"17":0.335062623,"18":0.2597779334},"val_recall":{"0":1.0,"1":1.0,"2":1.0,"3":1.0,"4":1.0,"5":1.0,"6":1.0,"7":1.0,"8":0.9935064912,"9":0.9090909362,"10":0.9350649118,"11":1.0,"12":0.9220778942,"13":0.9350649118,"14":0.9610389471,"15":0.9805194736,"16":0.9480519295,"17":0.8311688304,"18":0.9545454383},"val_precision":{"0":0.7699999809,"1":0.7699999809,"2":0.7699999809,"3":0.7699999809,"4":0.7699999809,"5":0.7699999809,"6":0.7699999809,"7":0.7817258835,"8":0.8595505357,"9":0.9523809552,"10":0.9171974659,"11":0.8279569745,"12":0.9466666579,"13":0.947368443,"14":0.9135802388,"15":0.8934911489,"16":0.9125000238,"17":0.9624060392,"18":0.8963414431},"val_acc":{"0":0.7699999809,"1":0.7699999809,"2":0.7699999809,"3":0.7699999809,"4":0.7699999809,"5":0.7699999809,"6":0.7699999809,"7":0.7850000262,"8":0.8700000048,"9":0.8949999809,"10":0.8849999905,"11":0.8399999738,"12":0.8999999762,"13":0.9100000262,"14":0.8999999762,"15":0.8949999809,"16":0.8899999857,"17":0.8450000286,"18":0.8799999952}}