{"loss":{"0":0.6166605949,"1":0.5896346569,"2":0.5841993093,"3":0.5792079568,"4":0.5682374835,"5":0.5547863245,"6":0.5325526595,"7":0.4938485324,"8":0.4387363493,"9":0.4245518148,"10":0.3636689782,"11":0.3111810088,"12":0.2763201296,"13":0.2585141659,"14":0.2321162373,"15":0.2220954001,"16":0.2127284557,"17":0.213929534,"18":0.1934933215,"19":0.1875423193},"recall":{"0":0.9807395935,"1":1.0,"2":1.0,"3":1.0,"4":1.0,"5":1.0,"6":1.0,"7":1.0,"8":0.9721496701,"9":0.9382071495,"10":0.9451696873,"11":0.9469103813,"12":0.9321148992,"13":0.9425587654,"14":0.9503916502,"15":0.9469103813,"16":0.9460400343,"17":0.9477806687,"18":0.9547432661,"19":0.9608355165},"precision":{"0":0.7311889529,"1":0.7181249857,"2":0.7181249857,"3":0.7181249857,"4":0.7181249857,"5":0.7181249857,"6":0.7181249857,"7":0.7304513454,"8":0.788841784,"9":0.8247895837,"10":0.8571428657,"11":0.8896157146,"12":0.9030354023,"13":0.9100840092,"14":0.929361701,"15":0.9275362492,"16":0.9290598035,"17":0.9379844666,"18":0.9400171638,"19":0.9460154176},"acc":{"0":0.7093750238,"1":0.7181249857,"2":0.7181249857,"3":0.7181249857,"4":0.7181249857,"5":0.7181249857,"6":0.7181249857,"7":0.7350000143,"8":0.7931249738,"9":0.8125,"10":0.8475000262,"11":0.8774999976,"12":0.8793749809,"13":0.8918750286,"14":0.9125000238,"15":0.9087499976,"16":0.9093750119,"17":0.9175000191,"18":0.9237499833,"19":0.9325000048},"val_loss":{"0":0.5396968722,"1":0.5454577208,"2":0.5211827755,"3":0.522709012,"4":0.5220919251,"5":0.4956591129,"6":0.4754626453,"7":0.5058972836,"8":0.404496491,"9":0.4450008869,"10":0.3019092083,"11":0.2996235192,"12":0.2814901471,"13":0.2500242889,"14":0.247630164,"15":0.2717658877,"16":0.260530442,"17":0.2562315464,"18":0.2539548874,"19":0.2505051494},"val_recall":{"0":1.0,"1":1.0,"2":1.0,"3":1.0,"4":1.0,"5":1.0,"6":1.0,"7":0.9545454383,"8":0.9805194736,"9":1.0,"10":0.9870129824,"11":0.915584445,"12":0.915584445,"13":0.9740259647,"14":0.9480519295,"15":0.9935064912,"16":0.9805194736,"17":0.9480519295,"18":0.9545454383,"19":0.9545454383},"val_precision":{"0":0.7699999809,"1":0.7699999809,"2":0.7699999809,"3":0.7699999809,"4":0.7699999809,"5":0.7699999809,"6":0.7699999809,"7":0.9245283008,"8":0.888235271,"9":0.7738693357,"10":0.8786126971,"11":0.9527027011,"12":0.9527027011,"13":0.9146341681,"14":0.9299362898,"15":0.8793103695,"16":0.8934911489,"17":0.9068322778,"18":0.907407403,"19":0.9245283008},"val_acc":{"0":0.7699999809,"1":0.7699999809,"2":0.7699999809,"3":0.7699999809,"4":0.7699999809,"5":0.7699999809,"6":0.7699999809,"7":0.9049999714,"8":0.8899999857,"9":0.7749999762,"10":0.8849999905,"11":0.8999999762,"12":0.8999999762,"13":0.9100000262,"14":0.9049999714,"15":0.8899999857,"16":0.8949999809,"17":0.8849999905,"18":0.8899999857,"19":0.9049999714}}